date,campaign_name,campaign_id,adset_name,objective,spend,impressions,clicks,conversions,conversion_value
2026-04-06,ACME_NA_SOCIAL_Q2,2384801433,ACME_NA_SOCIAL_Q2__AS1,OUTCOME_AWARENESS,1952.05,212496,2441,98,8130.23
2026-04-06,ACME_NA_SOCIAL_ALWAYSON,2384888254,ACME_NA_SOCIAL_ALWAYSON__AS2,OUTCOME_TRAFFIC,586.46,60117,685,39,3726.46
2026-04-06,ACME_EMEA_SOCIAL_Q2,2384800758,ACME_EMEA_SOCIAL_Q2__AS3,OUTCOME_AWARENESS,1177.29,119216,2346,46,2811.84
2026-04-06,Retargeting Q2 (new),2384892081,Retargeting Q2 (new)__AS3,OUTCOME_SALES,318.59,31495,353,11,928.44
2026-04-06,ACME_APAC_SOCIAL_Q2,2384876907,ACME_APAC_SOCIAL_Q2__AS1,OUTCOME_TRAFFIC,289.02,26608,396,13,1093.97
2026-04-07,ACME_NA_SOCIAL_Q2,2384801433,ACME_NA_SOCIAL_Q2__AS2,OUTCOME_AWARENESS,1629.18,161833,3192,110,9309.46
2026-04-07,ACME_NA_SOCIAL_ALWAYSON,2384888254,ACME_NA_SOCIAL_ALWAYSON__AS1,OUTCOME_TRAFFIC,667.63,68301,1403,79,3332.99
2026-04-07,ACME_EMEA_SOCIAL_Q2,2384800758,ACME_EMEA_SOCIAL_Q2__AS1,OUTCOME_AWARENESS,1803.03,160261,1090,17,840.26
2026-04-07,Retargeting Q2 (new),2384892081,Retargeting Q2 (new)__AS2,OUTCOME_SALES,373.00,42711,843,41,1587.64
2026-04-07,ACME_APAC_SOCIAL_Q2,2384876907,ACME_APAC_SOCIAL_Q2__AS1,OUTCOME_TRAFFIC,330.92,41015,598,14,1162.11
2026-04-08,ACME_NA_SOCIAL_Q2,2384801433,ACME_NA_SOCIAL_Q2__AS1,OUTCOME_AWARENESS,1885.85,192114,3597,87,5975.72
2026-04-08,ACME_NA_SOCIAL_ALWAYSON,2384888254,ACME_NA_SOCIAL_ALWAYSON__AS3,OUTCOME_TRAFFIC,660.34,62640,423,15,1077.87
2026-04-08,ACME_EMEA_SOCIAL_Q2,2384800758,ACME_EMEA_SOCIAL_Q2__AS3,OUTCOME_AWARENESS,1812.03,285918,3955,151,12121.45
2026-04-08,Retargeting Q2 (new),2384892081,Retargeting Q2 (new)__AS1,OUTCOME_SALES,389.78,41790,607,15,1186.62
2026-04-08,ACME_APAC_SOCIAL_Q2,2384876907,ACME_APAC_SOCIAL_Q2__AS2,OUTCOME_TRAFFIC,332.60,29537,317,5,466.27
2026-04-09,ACME_NA_SOCIAL_Q2,2384801433,ACME_NA_SOCIAL_Q2__AS3,OUTCOME_AWARENESS,2181.20,196249,2809,93,7401.32
2026-04-09,ACME_NA_SOCIAL_ALWAYSON,2384888254,ACME_NA_SOCIAL_ALWAYSON__AS1,OUTCOME_TRAFFIC,803.18,124717,1286,73,5458.02
2026-04-09,ACME_EMEA_SOCIAL_Q2,2384800758,ACME_EMEA_SOCIAL_Q2__AS3,OUTCOME_AWARENESS,1294.87,196696,2219,97,5169.37
2026-04-09,Retargeting Q2 (new),2384892081,Retargeting Q2 (new)__AS2,OUTCOME_SALES,355.37,51041,606,20,945.28
2026-04-09,ACME_APAC_SOCIAL_Q2,2384876907,ACME_APAC_SOCIAL_Q2__AS3,OUTCOME_TRAFFIC,296.33,27138,322,7,643.41
2026-04-10,ACME_NA_SOCIAL_Q2,2384801433,ACME_NA_SOCIAL_Q2__AS1,OUTCOME_AWARENESS,2288.29,223896,3432,144,5724.54
2026-04-10,ACME_NA_SOCIAL_ALWAYSON,2384888254,ACME_NA_SOCIAL_ALWAYSON__AS3,OUTCOME_TRAFFIC,687.34,70198,744,41,2307.38
2026-04-10,ACME_EMEA_SOCIAL_Q2,2384800758,ACME_EMEA_SOCIAL_Q2__AS3,OUTCOME_AWARENESS,1340.38,163287,3226,172,10317.47
2026-04-10,Retargeting Q2 (new),2384892081,Retargeting Q2 (new)__AS1,OUTCOME_SALES,460.14,65670,1202,57,3440.21
2026-04-10,ACME_APAC_SOCIAL_Q2,2384876907,ACME_APAC_SOCIAL_Q2__AS2,OUTCOME_TRAFFIC,295.86,33696,203,3,199.56
2026-04-11,ACME_NA_SOCIAL_Q2,2384801433,ACME_NA_SOCIAL_Q2__AS3,OUTCOME_AWARENESS,1473.11,130520,2734,45,3226.83
2026-04-11,ACME_NA_SOCIAL_ALWAYSON,2384888254,ACME_NA_SOCIAL_ALWAYSON__AS2,OUTCOME_TRAFFIC,363.56,41845,669,18,1509.60
2026-04-11,ACME_EMEA_SOCIAL_Q2,2384800758,ACME_EMEA_SOCIAL_Q2__AS1,OUTCOME_AWARENESS,804.78,87515,1744,69,5346.21
2026-04-11,Retargeting Q2 (new),2384892081,Retargeting Q2 (new)__AS1,OUTCOME_SALES,319.04,45227,793,34,2556.26
2026-04-11,ACME_APAC_SOCIAL_Q2,2384876907,ACME_APAC_SOCIAL_Q2__AS3,OUTCOME_TRAFFIC,179.06,28473,234,13,1046.62
2026-04-12,ACME_NA_SOCIAL_Q2,2384801433,ACME_NA_SOCIAL_Q2__AS1,OUTCOME_AWARENESS,1234.36,140871,2370,53,2512.99
2026-04-12,ACME_NA_SOCIAL_ALWAYSON,2384888254,ACME_NA_SOCIAL_ALWAYSON__AS2,OUTCOME_TRAFFIC,506.39,51527,858,42,3331.87
2026-04-12,ACME_EMEA_SOCIAL_Q2,2384800758,ACME_EMEA_SOCIAL_Q2__AS2,OUTCOME_AWARENESS,913.51,115360,1233,55,4617.17
2026-04-12,Retargeting Q2 (new),2384892081,Retargeting Q2 (new)__AS3,OUTCOME_SALES,222.90,31168,522,28,2135.24
2026-04-12,ACME_APAC_SOCIAL_Q2,2384876907,ACME_APAC_SOCIAL_Q2__AS3,OUTCOME_TRAFFIC,147.51,14703,111,2,181.80
2026-04-13,ACME_NA_SOCIAL_Q2,2384801433,ACME_NA_SOCIAL_Q2__AS1,OUTCOME_AWARENESS,1909.28,252050,4969,87,6740.16
2026-04-13,ACME_NA_SOCIAL_ALWAYSON,2384888254,ACME_NA_SOCIAL_ALWAYSON__AS1,OUTCOME_TRAFFIC,617.77,56322,727,34,1437.48
2026-04-13,ACME_EMEA_SOCIAL_Q2,2384800758,ACME_EMEA_SOCIAL_Q2__AS1,OUTCOME_AWARENESS,1708.65,172529,1969,78,2964.70
2026-04-13,Retargeting Q2 (new),2384892081,Retargeting Q2 (new)__AS1,OUTCOME_SALES,502.77,44446,429,16,1392.28
2026-04-13,ACME_APAC_SOCIAL_Q2,2384876907,ACME_APAC_SOCIAL_Q2__AS1,OUTCOME_TRAFFIC,336.53,29092,402,21,1637.83
2026-04-14,ACME_NA_SOCIAL_Q2,2384801433,ACME_NA_SOCIAL_Q2__AS3,OUTCOME_AWARENESS,1303.46,118842,1246,38,2154.60
2026-04-14,ACME_NA_SOCIAL_ALWAYSON,2384888254,ACME_NA_SOCIAL_ALWAYSON__AS2,OUTCOME_TRAFFIC,746.30,114518,1991,34,2871.38
2026-04-14,ACME_EMEA_SOCIAL_Q2,2384800758,ACME_EMEA_SOCIAL_Q2__AS3,OUTCOME_AWARENESS,1522.74,180756,1555,56,4899.81
2026-04-14,Retargeting Q2 (new),2384892081,Retargeting Q2 (new)__AS3,OUTCOME_SALES,349.36,40716,298,11,918.48
2026-04-14,ACME_APAC_SOCIAL_Q2,2384876907,ACME_APAC_SOCIAL_Q2__AS1,OUTCOME_TRAFFIC,211.43,28404,427,7,469.59
2026-04-15,ACME_NA_SOCIAL_Q2,2384801433,ACME_NA_SOCIAL_Q2__AS2,OUTCOME_AWARENESS,1759.91,205099,4153,159,7003.81
2026-04-15,ACME_NA_SOCIAL_ALWAYSON,2384888254,ACME_NA_SOCIAL_ALWAYSON__AS2,OUTCOME_TRAFFIC,809.85,101233,685,31,1837.48
2026-04-15,ACME_EMEA_SOCIAL_Q2,2384800758,ACME_EMEA_SOCIAL_Q2__AS3,OUTCOME_AWARENESS,1830.47,288790,3295,133,6720.87
2026-04-15,Retargeting Q2 (new),2384892081,Retargeting Q2 (new)__AS3,OUTCOME_SALES,524.37,82543,1671,53,3238.39
2026-04-15,ACME_APAC_SOCIAL_Q2,2384876907,ACME_APAC_SOCIAL_Q2__AS3,OUTCOME_TRAFFIC,193.09,22893,473,7,659.79
2026-04-16,ACME_NA_SOCIAL_Q2,2384801433,ACME_NA_SOCIAL_Q2__AS2,OUTCOME_AWARENESS,2061.68,309496,3348,125,8820.94
2026-04-16,ACME_NA_SOCIAL_ALWAYSON,2384888254,ACME_NA_SOCIAL_ALWAYSON__AS2,OUTCOME_TRAFFIC,821.95,122656,2543,111,9017.46
2026-04-16,ACME_EMEA_SOCIAL_Q2,2384800758,ACME_EMEA_SOCIAL_Q2__AS1,OUTCOME_AWARENESS,1034.68,147423,1388,57,2615.06
2026-04-16,Retargeting Q2 (new),2384892081,Retargeting Q2 (new)__AS3,OUTCOME_SALES,466.60,60710,805,14,707.27
2026-04-16,ACME_APAC_SOCIAL_Q2,2384876907,ACME_APAC_SOCIAL_Q2__AS1,OUTCOME_TRAFFIC,313.65,28215,283,10,771.05
2026-04-17,ACME_NA_SOCIAL_Q2,2384801433,ACME_NA_SOCIAL_Q2__AS1,OUTCOME_AWARENESS,1594.42,208763,3543,169,13327.27
2026-04-17,ACME_NA_SOCIAL_ALWAYSON,2384888254,ACME_NA_SOCIAL_ALWAYSON__AS2,OUTCOME_TRAFFIC,522.39,81055,489,12,542.06
2026-04-17,ACME_EMEA_SOCIAL_Q2,2384800758,ACME_EMEA_SOCIAL_Q2__AS3,OUTCOME_AWARENESS,1172.57,178949,2456,102,9337.15
2026-04-17,Retargeting Q2 (new),2384892081,Retargeting Q2 (new)__AS2,OUTCOME_SALES,483.42,57137,513,11,873.12
2026-04-17,ACME_APAC_SOCIAL_Q2,2384876907,ACME_APAC_SOCIAL_Q2__AS1,OUTCOME_TRAFFIC,331.88,36192,576,10,438.25
2026-04-18,ACME_NA_SOCIAL_Q2,2384801433,ACME_NA_SOCIAL_Q2__AS2,OUTCOME_AWARENESS,1282.76,164380,3145,170,10605.82
2026-04-18,ACME_NA_SOCIAL_ALWAYSON,2384888254,ACME_NA_SOCIAL_ALWAYSON__AS2,OUTCOME_TRAFFIC,400.73,59829,1166,55,3799.72
2026-04-18,ACME_EMEA_SOCIAL_Q2,2384800758,ACME_EMEA_SOCIAL_Q2__AS2,OUTCOME_AWARENESS,704.84,88032,1627,89,5947.09
2026-04-18,Retargeting Q2 (new),2384892081,Retargeting Q2 (new)__AS3,OUTCOME_SALES,289.66,27203,303,12,914.40
2026-04-18,ACME_APAC_SOCIAL_Q2,2384876907,ACME_APAC_SOCIAL_Q2__AS3,OUTCOME_TRAFFIC,173.19,18282,350,13,728.02
2026-04-19,ACME_NA_SOCIAL_Q2,2384801433,ACME_NA_SOCIAL_Q2__AS2,OUTCOME_AWARENESS,1454.83,162708,2472,80,7642.76
2026-04-19,ACME_NA_SOCIAL_ALWAYSON,2384888254,ACME_NA_SOCIAL_ALWAYSON__AS2,OUTCOME_TRAFFIC,465.35,55450,953,21,1200.84
2026-04-19,ACME_EMEA_SOCIAL_Q2,2384800758,ACME_EMEA_SOCIAL_Q2__AS1,OUTCOME_AWARENESS,826.79,88148,1470,37,2741.64
2026-04-19,Retargeting Q2 (new),2384892081,Retargeting Q2 (new)__AS1,OUTCOME_SALES,227.66,22767,180,3,201.74
2026-04-19,ACME_APAC_SOCIAL_Q2,2384876907,ACME_APAC_SOCIAL_Q2__AS2,OUTCOME_TRAFFIC,200.20,17529,281,10,434.09
2026-04-20,ACME_NA_SOCIAL_Q2,2384801433,ACME_NA_SOCIAL_Q2__AS1,OUTCOME_AWARENESS,2067.30,213278,2744,44,4057.73
2026-04-20,ACME_NA_SOCIAL_ALWAYSON,2384888254,ACME_NA_SOCIAL_ALWAYSON__AS3,OUTCOME_TRAFFIC,549.31,77826,1284,58,5552.04
2026-04-20,ACME_EMEA_SOCIAL_Q2,2384800758,ACME_EMEA_SOCIAL_Q2__AS3,OUTCOME_AWARENESS,1833.87,162546,3410,136,10021.97
2026-04-20,Retargeting Q2 (new),2384892081,Retargeting Q2 (new)__AS2,OUTCOME_SALES,444.24,40056,705,29,1517.74
2026-04-20,ACME_APAC_SOCIAL_Q2,2384876907,ACME_APAC_SOCIAL_Q2__AS3,OUTCOME_TRAFFIC,278.34,35235,392,11,670.02
2026-04-21,ACME_NA_SOCIAL_Q2,2384801433,ACME_NA_SOCIAL_Q2__AS2,OUTCOME_AWARENESS,2104.39,206303,1335,55,4993.98
2026-04-21,ACME_NA_SOCIAL_ALWAYSON,2384888254,ACME_NA_SOCIAL_ALWAYSON__AS1,OUTCOME_TRAFFIC,625.87,74189,942,39,1491.71
2026-04-21,ACME_EMEA_SOCIAL_Q2,2384800758,ACME_EMEA_SOCIAL_Q2__AS2,OUTCOME_AWARENESS,1601.46,221562,2215,89,4703.25
2026-04-21,Retargeting Q2 (new),2384892081,Retargeting Q2 (new)__AS1,OUTCOME_SALES,346.22,55760,868,24,1801.83
2026-04-21,ACME_APAC_SOCIAL_Q2,2384876907,ACME_APAC_SOCIAL_Q2__AS1,OUTCOME_TRAFFIC,274.36,30016,357,10,831.95
2026-04-22,ACME_NA_SOCIAL_Q2,2384801433,ACME_NA_SOCIAL_Q2__AS1,OUTCOME_AWARENESS,1833.05,238528,3061,156,10645.09
2026-04-22,ACME_NA_SOCIAL_ALWAYSON,2384888254,ACME_NA_SOCIAL_ALWAYSON__AS3,OUTCOME_TRAFFIC,470.79,47305,506,17,1191.65
2026-04-22,ACME_EMEA_SOCIAL_Q2,2384800758,ACME_EMEA_SOCIAL_Q2__AS2,OUTCOME_AWARENESS,1037.52,138071,2546,128,9590.03
2026-04-22,Retargeting Q2 (new),2384892081,Retargeting Q2 (new)__AS3,OUTCOME_SALES,436.91,49177,835,22,1044.67
2026-04-22,ACME_APAC_SOCIAL_Q2,2384876907,ACME_APAC_SOCIAL_Q2__AS3,OUTCOME_TRAFFIC,259.44,23554,440,16,1535.55
2026-04-23,ACME_NA_SOCIAL_Q2,2384801433,ACME_NA_SOCIAL_Q2__AS3,OUTCOME_AWARENESS,1855.91,214932,1757,77,4667.94
2026-04-23,ACME_NA_SOCIAL_ALWAYSON,2384888254,ACME_NA_SOCIAL_ALWAYSON__AS2,OUTCOME_TRAFFIC,500.82,45131,650,16,854.05
2026-04-23,ACME_EMEA_SOCIAL_Q2,2384800758,ACME_EMEA_SOCIAL_Q2__AS2,OUTCOME_AWARENESS,1526.46,135100,2525,49,2056.61
2026-04-23,Retargeting Q2 (new),2384892081,Retargeting Q2 (new)__AS1,OUTCOME_SALES,310.72,27357,251,11,540.78
2026-04-23,ACME_APAC_SOCIAL_Q2,2384876907,ACME_APAC_SOCIAL_Q2__AS1,OUTCOME_TRAFFIC,307.95,32521,395,22,1948.21
2026-04-24,ACME_NA_SOCIAL_Q2,2384801433,ACME_NA_SOCIAL_Q2__AS3,OUTCOME_AWARENESS,2304.46,360255,2253,99,7947.05
2026-04-24,ACME_NA_SOCIAL_ALWAYSON,2384888254,ACME_NA_SOCIAL_ALWAYSON__AS1,OUTCOME_TRAFFIC,596.05,53227,709,29,1215.80
2026-04-24,ACME_EMEA_SOCIAL_Q2,2384800758,ACME_EMEA_SOCIAL_Q2__AS3,OUTCOME_AWARENESS,1434.78,132106,1054,61,5688.21
2026-04-24,Retargeting Q2 (new),2384892081,Retargeting Q2 (new)__AS1,OUTCOME_SALES,498.65,62714,1157,40,2548.09
2026-04-24,ACME_APAC_SOCIAL_Q2,2384876907,ACME_APAC_SOCIAL_Q2__AS3,OUTCOME_TRAFFIC,204.76,31862,644,37,2008.25
2026-04-25,ACME_NA_SOCIAL_Q2,2384801433,ACME_NA_SOCIAL_Q2__AS1,OUTCOME_AWARENESS,1081.12,97222,767,16,697.78
2026-04-25,ACME_NA_SOCIAL_ALWAYSON,2384888254,ACME_NA_SOCIAL_ALWAYSON__AS3,OUTCOME_TRAFFIC,349.42,34127,341,6,320.77
2026-04-25,ACME_EMEA_SOCIAL_Q2,2384800758,ACME_EMEA_SOCIAL_Q2__AS1,OUTCOME_AWARENESS,978.66,128652,818,36,3186.69
2026-04-25,Retargeting Q2 (new),2384892081,Retargeting Q2 (new)__AS3,OUTCOME_SALES,252.09,31820,606,15,900.14
2026-04-25,ACME_APAC_SOCIAL_Q2,2384876907,ACME_APAC_SOCIAL_Q2__AS1,OUTCOME_TRAFFIC,192.06,17361,240,12,675.93
2026-04-26,ACME_NA_SOCIAL_Q2,2384801433,ACME_NA_SOCIAL_Q2__AS2,OUTCOME_AWARENESS,1259.62,111055,1492,74,3366.17
2026-04-26,ACME_NA_SOCIAL_ALWAYSON,2384888254,ACME_NA_SOCIAL_ALWAYSON__AS3,OUTCOME_TRAFFIC,504.88,58321,918,36,1967.04
2026-04-26,ACME_EMEA_SOCIAL_Q2,2384800758,ACME_EMEA_SOCIAL_Q2__AS1,OUTCOME_AWARENESS,1127.50,115254,1748,62,3316.86
2026-04-26,Retargeting Q2 (new),2384892081,Retargeting Q2 (new)__AS1,OUTCOME_SALES,309.49,29640,549,26,2279.72
2026-04-26,ACME_APAC_SOCIAL_Q2,2384876907,ACME_APAC_SOCIAL_Q2__AS2,OUTCOME_TRAFFIC,155.40,14977,251,12,624.32
2026-04-27,ACME_NA_SOCIAL_Q2,2384801433,ACME_NA_SOCIAL_Q2__AS1,OUTCOME_AWARENESS,2207.26,240012,1495,46,4044.72
2026-04-27,ACME_NA_SOCIAL_ALWAYSON,2384888254,ACME_NA_SOCIAL_ALWAYSON__AS1,OUTCOME_TRAFFIC,702.66,87060,1339,53,2405.84
2026-04-27,ACME_EMEA_SOCIAL_Q2,2384800758,ACME_EMEA_SOCIAL_Q2__AS2,OUTCOME_AWARENESS,1197.76,146122,2795,59,4565.76
2026-04-27,Retargeting Q2 (new),2384892081,Retargeting Q2 (new)__AS3,OUTCOME_SALES,516.66,52126,827,14,772.21
2026-04-27,ACME_APAC_SOCIAL_Q2,2384876907,ACME_APAC_SOCIAL_Q2__AS2,OUTCOME_TRAFFIC,237.40,33147,357,7,556.92
2026-04-28,ACME_NA_SOCIAL_Q2,2384801433,ACME_NA_SOCIAL_Q2__AS2,OUTCOME_AWARENESS,1963.58,292713,5819,214,10492.05
2026-04-28,ACME_NA_SOCIAL_ALWAYSON,2384888254,ACME_NA_SOCIAL_ALWAYSON__AS1,OUTCOME_TRAFFIC,838.04,76311,884,19,992.75
2026-04-28,ACME_EMEA_SOCIAL_Q2,2384800758,ACME_EMEA_SOCIAL_Q2__AS2,OUTCOME_AWARENESS,1784.38,194137,4040,93,7799.37
2026-04-28,Retargeting Q2 (new),2384892081,Retargeting Q2 (new)__AS2,OUTCOME_SALES,385.17,56219,594,31,1890.97
2026-04-28,ACME_APAC_SOCIAL_Q2,2384876907,ACME_APAC_SOCIAL_Q2__AS3,OUTCOME_TRAFFIC,192.76,24901,305,15,762.46
2026-04-29,ACME_NA_SOCIAL_Q2,2384801433,ACME_NA_SOCIAL_Q2__AS2,OUTCOME_AWARENESS,1431.57,181510,2251,36,3258.24
2026-04-29,ACME_NA_SOCIAL_ALWAYSON,2384888254,ACME_NA_SOCIAL_ALWAYSON__AS2,OUTCOME_TRAFFIC,758.61,73775,825,34,3088.79
2026-04-29,ACME_EMEA_SOCIAL_Q2,2384800758,ACME_EMEA_SOCIAL_Q2__AS2,OUTCOME_AWARENESS,1227.40,138421,1888,32,1990.69
2026-04-29,Retargeting Q2 (new),2384892081,Retargeting Q2 (new)__AS1,OUTCOME_SALES,528.84,47696,755,14,1038.25
2026-04-29,ACME_APAC_SOCIAL_Q2,2384876907,ACME_APAC_SOCIAL_Q2__AS3,OUTCOME_TRAFFIC,260.24,24722,506,27,2589.85
2026-04-30,ACME_NA_SOCIAL_Q2,2384801433,ACME_NA_SOCIAL_Q2__AS1,OUTCOME_AWARENESS,2212.41,291995,5199,256,14477.57
2026-04-30,ACME_NA_SOCIAL_ALWAYSON,2384888254,ACME_NA_SOCIAL_ALWAYSON__AS2,OUTCOME_TRAFFIC,546.29,51305,331,6,298.68
2026-04-30,ACME_EMEA_SOCIAL_Q2,2384800758,ACME_EMEA_SOCIAL_Q2__AS2,OUTCOME_AWARENESS,1534.13,168720,2599,96,8233.12
2026-04-30,Retargeting Q2 (new),2384892081,Retargeting Q2 (new)__AS2,OUTCOME_SALES,337.81,47018,466,11,757.51
2026-04-30,ACME_APAC_SOCIAL_Q2,2384876907,ACME_APAC_SOCIAL_Q2__AS1,OUTCOME_TRAFFIC,235.03,22744,165,6,350.19
2026-05-01,ACME_NA_SOCIAL_Q2,2384801433,ACME_NA_SOCIAL_Q2__AS1,OUTCOME_AWARENESS,1969.93,231874,2557,98,4147.88
2026-05-01,ACME_NA_SOCIAL_ALWAYSON,2384888254,ACME_NA_SOCIAL_ALWAYSON__AS2,OUTCOME_TRAFFIC,792.84,105629,1490,56,5282.33
2026-05-01,ACME_EMEA_SOCIAL_Q2,2384800758,ACME_EMEA_SOCIAL_Q2__AS1,OUTCOME_AWARENESS,1786.37,257769,2154,113,5896.26
2026-05-01,Retargeting Q2 (new),2384892081,Retargeting Q2 (new)__AS2,OUTCOME_SALES,485.59,65687,1297,57,2537.30
2026-05-01,ACME_APAC_SOCIAL_Q2,2384876907,ACME_APAC_SOCIAL_Q2__AS2,OUTCOME_TRAFFIC,272.97,23541,220,6,333.60
2026-05-02,ACME_NA_SOCIAL_Q2,2384801433,ACME_NA_SOCIAL_Q2__AS1,OUTCOME_AWARENESS,1453.18,134199,1458,27,2334.38
2026-05-02,ACME_NA_SOCIAL_ALWAYSON,2384888254,ACME_NA_SOCIAL_ALWAYSON__AS1,OUTCOME_TRAFFIC,558.88,54832,396,22,1488.90
2026-05-02,ACME_EMEA_SOCIAL_Q2,2384800758,ACME_EMEA_SOCIAL_Q2__AS1,OUTCOME_AWARENESS,748.44,76992,1471,45,3342.51
2026-05-02,Retargeting Q2 (new),2384892081,Retargeting Q2 (new)__AS1,OUTCOME_SALES,299.69,35311,358,15,1289.59
2026-05-02,ACME_APAC_SOCIAL_Q2,2384876907,ACME_APAC_SOCIAL_Q2__AS1,OUTCOME_TRAFFIC,151.62,14098,212,11,723.05
2026-05-03,ACME_NA_SOCIAL_Q2,2384801433,ACME_NA_SOCIAL_Q2__AS1,OUTCOME_AWARENESS,1039.83,136803,2567,71,4498.92
2026-05-03,ACME_NA_SOCIAL_ALWAYSON,2384888254,ACME_NA_SOCIAL_ALWAYSON__AS3,OUTCOME_TRAFFIC,418.36,50984,987,18,822.10
2026-05-03,ACME_EMEA_SOCIAL_Q2,2384800758,ACME_EMEA_SOCIAL_Q2__AS3,OUTCOME_AWARENESS,810.20,106735,699,31,1648.11
2026-05-03,Retargeting Q2 (new),2384892081,Retargeting Q2 (new)__AS2,OUTCOME_SALES,298.15,41686,833,22,1106.20
2026-05-03,ACME_APAC_SOCIAL_Q2,2384876907,ACME_APAC_SOCIAL_Q2__AS3,OUTCOME_TRAFFIC,132.65,12577,134,6,535.73
2026-05-04,ACME_NA_SOCIAL_Q2,2384801433,ACME_NA_SOCIAL_Q2__AS2,OUTCOME_AWARENESS,2283.22,358875,5386,182,14394.93
2026-05-04,ACME_NA_SOCIAL_ALWAYSON,2384888254,ACME_NA_SOCIAL_ALWAYSON__AS3,OUTCOME_TRAFFIC,558.33,49288,778,14,1204.50
2026-05-04,ACME_EMEA_SOCIAL_Q2,2384800758,ACME_EMEA_SOCIAL_Q2__AS1,OUTCOME_AWARENESS,1232.60,126733,1283,21,1846.76
2026-05-04,Retargeting Q2 (new),2384892081,Retargeting Q2 (new)__AS1,OUTCOME_SALES,547.58,74690,1387,61,3188.27
2026-05-04,ACME_APAC_SOCIAL_Q2,2384876907,ACME_APAC_SOCIAL_Q2__AS3,OUTCOME_TRAFFIC,269.41,35141,703,20,1667.85
2026-05-04,ACME_NA_SOCIAL_PROMO_Q2,2384863573,ACME_NA_SOCIAL_PROMO_Q2__AS1,OUTCOME_SALES,2599.76,221471,2800,152,6484.60
2026-05-05,ACME_NA_SOCIAL_Q2,2384801433,ACME_NA_SOCIAL_Q2__AS1,OUTCOME_AWARENESS,1405.59,162815,1109,42,3549.84
2026-05-05,ACME_NA_SOCIAL_ALWAYSON,2384888254,ACME_NA_SOCIAL_ALWAYSON__AS1,OUTCOME_TRAFFIC,649.92,57578,711,22,1331.24
2026-05-05,ACME_EMEA_SOCIAL_Q2,2384800758,ACME_EMEA_SOCIAL_Q2__AS3,OUTCOME_AWARENESS,1194.49,138928,2189,57,3011.03
2026-05-05,Retargeting Q2 (new),2384892081,Retargeting Q2 (new)__AS3,OUTCOME_SALES,350.62,54616,919,34,1575.57
2026-05-05,ACME_APAC_SOCIAL_Q2,2384876907,ACME_APAC_SOCIAL_Q2__AS1,OUTCOME_TRAFFIC,255.40,34202,709,27,1945.56
2026-05-05,ACME_NA_SOCIAL_PROMO_Q2,2384863573,ACME_NA_SOCIAL_PROMO_Q2__AS2,OUTCOME_SALES,1807.49,161184,2902,90,6349.63
2026-05-06,ACME_NA_SOCIAL_Q2,2384801433,ACME_NA_SOCIAL_Q2__AS2,OUTCOME_AWARENESS,1836.68,268195,2525,86,7932.30
2026-05-06,ACME_NA_SOCIAL_ALWAYSON,2384888254,ACME_NA_SOCIAL_ALWAYSON__AS3,OUTCOME_TRAFFIC,738.11,67310,787,18,1039.87
2026-05-06,ACME_EMEA_SOCIAL_Q2,2384800758,ACME_EMEA_SOCIAL_Q2__AS2,OUTCOME_AWARENESS,1759.50,149622,1498,86,4263.35
2026-05-06,Retargeting Q2 (new),2384892081,Retargeting Q2 (new)__AS2,OUTCOME_SALES,336.14,32462,512,28,2311.12
2026-05-06,ACME_APAC_SOCIAL_Q2,2384876907,ACME_APAC_SOCIAL_Q2__AS3,OUTCOME_TRAFFIC,264.84,22605,394,9,485.66
2026-05-06,ACME_NA_SOCIAL_PROMO_Q2,2384863573,ACME_NA_SOCIAL_PROMO_Q2__AS1,OUTCOME_SALES,2108.01,284985,5387,132,12636.06
2026-05-07,ACME_NA_SOCIAL_Q2,2384801433,ACME_NA_SOCIAL_Q2__AS2,OUTCOME_AWARENESS,1526.39,145409,1017,24,1794.87
2026-05-07,ACME_NA_SOCIAL_ALWAYSON,2384888254,ACME_NA_SOCIAL_ALWAYSON__AS2,OUTCOME_TRAFFIC,634.60,57734,366,14,1059.39
2026-05-07,ACME_EMEA_SOCIAL_Q2,2384800758,ACME_EMEA_SOCIAL_Q2__AS1,OUTCOME_AWARENESS,1762.41,255015,4941,131,11200.90
2026-05-07,Retargeting Q2 (new),2384892081,Retargeting Q2 (new)__AS3,OUTCOME_SALES,543.51,78640,1085,55,3087.64
2026-05-07,ACME_APAC_SOCIAL_Q2,2384876907,ACME_APAC_SOCIAL_Q2__AS2,OUTCOME_TRAFFIC,232.55,24235,248,10,584.51
2026-05-07,ACME_NA_SOCIAL_PROMO_Q2,2384863573,ACME_NA_SOCIAL_PROMO_Q2__AS2,OUTCOME_SALES,1926.46,202089,2029,89,5990.88
2026-05-08,ACME_NA_SOCIAL_Q2,2384801433,ACME_NA_SOCIAL_Q2__AS2,OUTCOME_AWARENESS,2182.25,225416,3744,154,7144.51
2026-05-08,ACME_NA_SOCIAL_ALWAYSON,2384888254,ACME_NA_SOCIAL_ALWAYSON__AS2,OUTCOME_TRAFFIC,669.30,59458,570,29,2463.30
2026-05-08,ACME_EMEA_SOCIAL_Q2,2384800758,ACME_EMEA_SOCIAL_Q2__AS3,OUTCOME_AWARENESS,1485.33,173411,1969,44,3545.14
2026-05-08,Retargeting Q2 (new),2384892081,Retargeting Q2 (new)__AS2,OUTCOME_SALES,525.52,49871,310,14,1218.73
2026-05-08,ACME_APAC_SOCIAL_Q2,2384876907,ACME_APAC_SOCIAL_Q2__AS2,OUTCOME_TRAFFIC,192.99,16691,116,5,273.17
2026-05-08,ACME_NA_SOCIAL_PROMO_Q2,2384863573,ACME_NA_SOCIAL_PROMO_Q2__AS3,OUTCOME_SALES,1896.21,248074,2290,101,9590.47
2026-05-09,ACME_NA_SOCIAL_Q2,2384801433,ACME_NA_SOCIAL_Q2__AS1,OUTCOME_AWARENESS,938.19,144571,1289,43,3491.92
2026-05-09,ACME_NA_SOCIAL_ALWAYSON,2384888254,ACME_NA_SOCIAL_ALWAYSON__AS1,OUTCOME_TRAFFIC,471.87,73331,1184,60,3866.71
2026-05-09,ACME_EMEA_SOCIAL_Q2,2384800758,ACME_EMEA_SOCIAL_Q2__AS2,OUTCOME_AWARENESS,1181.78,113723,1843,31,1464.29
2026-05-09,Retargeting Q2 (new),2384892081,Retargeting Q2 (new)__AS3,OUTCOME_SALES,210.30,18916,196,7,613.70
2026-05-09,ACME_APAC_SOCIAL_Q2,2384876907,ACME_APAC_SOCIAL_Q2__AS2,OUTCOME_TRAFFIC,196.59,27703,337,13,1074.86
2026-05-09,ACME_NA_SOCIAL_PROMO_Q2,2384863573,ACME_NA_SOCIAL_PROMO_Q2__AS3,OUTCOME_SALES,1497.87,169494,1469,55,2543.22
2026-05-10,ACME_NA_SOCIAL_Q2,2384801433,ACME_NA_SOCIAL_Q2__AS3,OUTCOME_AWARENESS,1131.51,137667,1393,78,4331.26
2026-05-10,ACME_NA_SOCIAL_ALWAYSON,2384888254,ACME_NA_SOCIAL_ALWAYSON__AS3,OUTCOME_TRAFFIC,335.82,29060,211,6,255.38
2026-05-10,ACME_EMEA_SOCIAL_Q2,2384800758,ACME_EMEA_SOCIAL_Q2__AS2,OUTCOME_AWARENESS,1107.94,138735,1978,92,6835.40
2026-05-10,Retargeting Q2 (new),2384892081,Retargeting Q2 (new)__AS3,OUTCOME_SALES,279.62,33104,285,6,542.59
2026-05-10,ACME_APAC_SOCIAL_Q2,2384876907,ACME_APAC_SOCIAL_Q2__AS2,OUTCOME_TRAFFIC,131.66,14785,287,6,271.52
2026-05-10,ACME_NA_SOCIAL_PROMO_Q2,2384863573,ACME_NA_SOCIAL_PROMO_Q2__AS2,OUTCOME_SALES,1245.53,193313,4035,158,11769.27
2026-05-11,ACME_NA_SOCIAL_Q2,2384801433,ACME_NA_SOCIAL_Q2__AS1,OUTCOME_AWARENESS,1916.80,207505,1850,42,1862.04
2026-05-11,ACME_NA_SOCIAL_ALWAYSON,2384888254,ACME_NA_SOCIAL_ALWAYSON__AS1,OUTCOME_TRAFFIC,551.53,81293,1236,44,4098.25
2026-05-11,ACME_EMEA_SOCIAL_Q2,2384800758,ACME_EMEA_SOCIAL_Q2__AS2,OUTCOME_AWARENESS,1754.54,247334,1716,74,4482.62
2026-05-11,Retargeting Q2 (new),2384892081,Retargeting Q2 (new)__AS3,OUTCOME_SALES,350.25,50021,996,15,731.95
2026-05-11,ACME_APAC_SOCIAL_Q2,2384876907,ACME_APAC_SOCIAL_Q2__AS1,OUTCOME_TRAFFIC,242.87,33301,338,10,808.66
2026-05-11,ACME_NA_SOCIAL_PROMO_Q2,2384863573,ACME_NA_SOCIAL_PROMO_Q2__AS1,OUTCOME_SALES,2702.32,281761,3895,194,7670.92
2026-05-12,ACME_NA_SOCIAL_Q2,2384801433,ACME_NA_SOCIAL_Q2__AS2,OUTCOME_AWARENESS,1586.69,170649,1272,59,4793.57
2026-05-12,ACME_NA_SOCIAL_ALWAYSON,2384888254,ACME_NA_SOCIAL_ALWAYSON__AS1,OUTCOME_TRAFFIC,619.80,78478,1472,74,3126.93
2026-05-12,ACME_EMEA_SOCIAL_Q2,2384800758,ACME_EMEA_SOCIAL_Q2__AS2,OUTCOME_AWARENESS,1175.54,111046,2295,40,2005.71
2026-05-12,Retargeting Q2 (new),2384892081,Retargeting Q2 (new)__AS1,OUTCOME_SALES,426.11,39868,353,16,836.02
2026-05-12,ACME_APAC_SOCIAL_Q2,2384876907,ACME_APAC_SOCIAL_Q2__AS3,OUTCOME_TRAFFIC,243.64,36200,227,11,960.52
2026-05-12,ACME_NA_SOCIAL_PROMO_Q2,2384863573,ACME_NA_SOCIAL_PROMO_Q2__AS2,OUTCOME_SALES,1598.79,208616,3259,164,13793.89
2026-05-13,ACME_NA_SOCIAL_Q2,2384801433,ACME_NA_SOCIAL_Q2__AS3,OUTCOME_AWARENESS,1910.36,188342,2718,55,3289.73
2026-05-13,ACME_NA_SOCIAL_ALWAYSON,2384888254,ACME_NA_SOCIAL_ALWAYSON__AS3,OUTCOME_TRAFFIC,488.76,69077,1447,80,3901.00
2026-05-13,ACME_EMEA_SOCIAL_Q2,2384800758,ACME_EMEA_SOCIAL_Q2__AS3,OUTCOME_AWARENESS,1250.17,186572,1586,88,6061.82
2026-05-13,Retargeting Q2 (new),2384892081,Retargeting Q2 (new)__AS1,OUTCOME_SALES,394.92,37905,497,17,1345.40
2026-05-13,ACME_APAC_SOCIAL_Q2,2384876907,ACME_APAC_SOCIAL_Q2__AS1,OUTCOME_TRAFFIC,231.95,31419,342,15,803.82
2026-05-13,ACME_NA_SOCIAL_PROMO_Q2,2384863573,ACME_NA_SOCIAL_PROMO_Q2__AS2,OUTCOME_SALES,2583.39,232042,3354,55,2988.80
2026-05-14,ACME_NA_SOCIAL_Q2,2384801433,ACME_NA_SOCIAL_Q2__AS3,OUTCOME_AWARENESS,1773.30,186280,3387,153,13501.81
2026-05-14,ACME_NA_SOCIAL_ALWAYSON,2384888254,ACME_NA_SOCIAL_ALWAYSON__AS3,OUTCOME_TRAFFIC,741.68,65436,698,28,1436.44
2026-05-14,ACME_EMEA_SOCIAL_Q2,2384800758,ACME_EMEA_SOCIAL_Q2__AS2,OUTCOME_AWARENESS,1127.39,170092,1316,69,4838.17
2026-05-14,Retargeting Q2 (new),2384892081,Retargeting Q2 (new)__AS2,OUTCOME_SALES,382.69,37269,574,24,1763.70
2026-05-14,ACME_APAC_SOCIAL_Q2,2384876907,ACME_APAC_SOCIAL_Q2__AS3,OUTCOME_TRAFFIC,330.06,42735,411,16,1105.48
2026-05-14,ACME_NA_SOCIAL_PROMO_Q2,2384863573,ACME_NA_SOCIAL_PROMO_Q2__AS1,OUTCOME_SALES,2143.38,197985,3455,145,12154.10
2026-05-15,ACME_NA_SOCIAL_Q2,2384801433,ACME_NA_SOCIAL_Q2__AS2,OUTCOME_AWARENESS,1634.36,196616,2327,48,3344.25
2026-05-15,ACME_NA_SOCIAL_ALWAYSON,2384888254,ACME_NA_SOCIAL_ALWAYSON__AS3,OUTCOME_TRAFFIC,651.34,100994,1904,94,4919.89
2026-05-15,ACME_EMEA_SOCIAL_Q2,2384800758,ACME_EMEA_SOCIAL_Q2__AS1,OUTCOME_AWARENESS,1577.01,147017,2040,89,4584.43
2026-05-15,Retargeting Q2 (new),2384892081,Retargeting Q2 (new)__AS2,OUTCOME_SALES,416.84,42206,472,16,961.33
2026-05-15,ACME_APAC_SOCIAL_Q2,2384876907,ACME_APAC_SOCIAL_Q2__AS1,OUTCOME_TRAFFIC,193.32,21184,192,10,941.35
2026-05-15,ACME_NA_SOCIAL_PROMO_Q2,2384863573,ACME_NA_SOCIAL_PROMO_Q2__AS2,OUTCOME_SALES,1975.59,211521,1359,21,1942.88
2026-05-16,ACME_NA_SOCIAL_Q2,2384801433,ACME_NA_SOCIAL_Q2__AS1,OUTCOME_AWARENESS,912.06,121122,1882,45,4278.89
2026-05-16,ACME_NA_SOCIAL_ALWAYSON,2384888254,ACME_NA_SOCIAL_ALWAYSON__AS3,OUTCOME_TRAFFIC,524.93,84437,539,28,1767.04
2026-05-16,ACME_EMEA_SOCIAL_Q2,2384800758,ACME_EMEA_SOCIAL_Q2__AS2,OUTCOME_AWARENESS,858.51,125095,811,27,2498.58
2026-05-16,Retargeting Q2 (new),2384892081,Retargeting Q2 (new)__AS2,OUTCOME_SALES,365.73,54388,741,38,3182.70
2026-05-16,ACME_APAC_SOCIAL_Q2,2384876907,ACME_APAC_SOCIAL_Q2__AS1,OUTCOME_TRAFFIC,177.79,26500,234,3,259.91
2026-05-16,ACME_NA_SOCIAL_PROMO_Q2,2384863573,ACME_NA_SOCIAL_PROMO_Q2__AS3,OUTCOME_SALES,1563.90,136436,2308,60,3168.96
2026-05-17,ACME_NA_SOCIAL_Q2,2384801433,ACME_NA_SOCIAL_Q2__AS2,OUTCOME_AWARENESS,1139.23,110647,1125,19,1124.86
2026-05-17,ACME_NA_SOCIAL_ALWAYSON,2384888254,ACME_NA_SOCIAL_ALWAYSON__AS1,OUTCOME_TRAFFIC,471.70,40670,532,28,2150.75
2026-05-17,ACME_EMEA_SOCIAL_Q2,2384800758,ACME_EMEA_SOCIAL_Q2__AS1,OUTCOME_AWARENESS,1037.36,152867,1917,105,4453.77
2026-05-17,Retargeting Q2 (new),2384892081,Retargeting Q2 (new)__AS1,OUTCOME_SALES,271.18,23312,487,26,2168.86
2026-05-17,ACME_APAC_SOCIAL_Q2,2384876907,ACME_APAC_SOCIAL_Q2__AS3,OUTCOME_TRAFFIC,185.14,20070,408,22,1799.59
2026-05-17,ACME_NA_SOCIAL_PROMO_Q2,2384863573,ACME_NA_SOCIAL_PROMO_Q2__AS2,OUTCOME_SALES,1445.30,132023,968,44,2382.84
2026-05-18,ACME_NA_SOCIAL_Q2,2384801433,ACME_NA_SOCIAL_Q2__AS3,OUTCOME_AWARENESS,2304.91,295260,5073,235,21729.09
2026-05-18,ACME_NA_SOCIAL_ALWAYSON,2384888254,ACME_NA_SOCIAL_ALWAYSON__AS1,OUTCOME_TRAFFIC,714.04,66060,669,21,1976.09
2026-05-18,ACME_EMEA_SOCIAL_Q2,2384800758,ACME_EMEA_SOCIAL_Q2__AS2,OUTCOME_AWARENESS,1373.20,169785,1324,64,2863.92
2026-05-18,Retargeting Q2 (new),2384892081,Retargeting Q2 (new)__AS2,OUTCOME_SALES,398.42,40072,810,21,1217.05
2026-05-18,ACME_APAC_SOCIAL_Q2,2384876907,ACME_APAC_SOCIAL_Q2__AS1,OUTCOME_TRAFFIC,326.35,28370,468,17,798.43
2026-05-18,ACME_NA_SOCIAL_PROMO_Q2,2384863573,ACME_NA_SOCIAL_PROMO_Q2__AS2,OUTCOME_SALES,1711.10,196478,1640,84,3523.30
2026-05-19,ACME_NA_SOCIAL_Q2,2384801433,ACME_NA_SOCIAL_Q2__AS2,OUTCOME_AWARENESS,1345.27,197422,4108,80,3244.70
2026-05-19,ACME_NA_SOCIAL_ALWAYSON,2384888254,ACME_NA_SOCIAL_ALWAYSON__AS3,OUTCOME_TRAFFIC,587.61,50666,999,18,1077.13
2026-05-19,ACME_EMEA_SOCIAL_Q2,2384800758,ACME_EMEA_SOCIAL_Q2__AS1,OUTCOME_AWARENESS,1049.33,154870,2593,119,8108.23
2026-05-19,Retargeting Q2 (new),2384892081,Retargeting Q2 (new)__AS1,OUTCOME_SALES,365.68,36211,476,15,616.35
2026-05-19,ACME_APAC_SOCIAL_Q2,2384876907,ACME_APAC_SOCIAL_Q2__AS1,OUTCOME_TRAFFIC,209.80,26545,248,13,748.93
2026-05-19,ACME_NA_SOCIAL_PROMO_Q2,2384863573,ACME_NA_SOCIAL_PROMO_Q2__AS2,OUTCOME_SALES,2390.66,333702,4431,191,15656.80
2026-05-20,ACME_NA_SOCIAL_Q2,2384801433,ACME_NA_SOCIAL_Q2__AS3,OUTCOME_AWARENESS,1863.60,295191,3823,169,10669.35
2026-05-20,ACME_NA_SOCIAL_ALWAYSON,2384888254,ACME_NA_SOCIAL_ALWAYSON__AS2,OUTCOME_TRAFFIC,694.76,105689,1672,33,1409.04
2026-05-20,ACME_EMEA_SOCIAL_Q2,2384800758,ACME_EMEA_SOCIAL_Q2__AS2,OUTCOME_AWARENESS,1051.64,128623,1271,57,3928.82
2026-05-20,Retargeting Q2 (new),2384892081,Retargeting Q2 (new)__AS2,OUTCOME_SALES,367.89,50907,354,18,787.27
2026-05-20,ACME_APAC_SOCIAL_Q2,2384876907,ACME_APAC_SOCIAL_Q2__AS2,OUTCOME_TRAFFIC,225.78,21526,417,14,985.08
2026-05-20,ACME_NA_SOCIAL_PROMO_Q2,2384863573,ACME_NA_SOCIAL_PROMO_Q2__AS1,OUTCOME_SALES,2805.85,284655,5523,267,21251.42
2026-05-21,ACME_NA_SOCIAL_Q2,2384801433,ACME_NA_SOCIAL_Q2__AS2,OUTCOME_AWARENESS,1791.97,224022,4610,181,17195.42
2026-05-21,ACME_NA_SOCIAL_ALWAYSON,2384888254,ACME_NA_SOCIAL_ALWAYSON__AS1,OUTCOME_TRAFFIC,511.36,48404,996,23,2142.16
2026-05-21,ACME_EMEA_SOCIAL_Q2,2384800758,ACME_EMEA_SOCIAL_Q2__AS3,OUTCOME_AWARENESS,1028.26,113302,1517,55,4900.50
2026-05-21,Retargeting Q2 (new),2384892081,Retargeting Q2 (new)__AS2,OUTCOME_SALES,408.56,35995,401,7,599.75
2026-05-21,ACME_APAC_SOCIAL_Q2,2384876907,ACME_APAC_SOCIAL_Q2__AS3,OUTCOME_TRAFFIC,210.91,29136,278,11,631.98
2026-05-21,ACME_NA_SOCIAL_PROMO_Q2,2384863573,ACME_NA_SOCIAL_PROMO_Q2__AS2,OUTCOME_SALES,2642.72,247178,3491,99,6842.41
2026-05-22,ACME_NA_SOCIAL_Q2,2384801433,ACME_NA_SOCIAL_Q2__AS2,OUTCOME_AWARENESS,1420.19,126037,1255,41,1894.50
2026-05-22,ACME_NA_SOCIAL_ALWAYSON,2384888254,ACME_NA_SOCIAL_ALWAYSON__AS2,OUTCOME_TRAFFIC,739.83,76012,1578,64,5120.07
2026-05-22,ACME_EMEA_SOCIAL_Q2,2384800758,ACME_EMEA_SOCIAL_Q2__AS3,OUTCOME_AWARENESS,1456.35,186193,2829,154,6186.94
2026-05-22,Retargeting Q2 (new),2384892081,Retargeting Q2 (new)__AS3,OUTCOME_SALES,304.05,41243,581,27,1070.21
2026-05-22,ACME_APAC_SOCIAL_Q2,2384876907,ACME_APAC_SOCIAL_Q2__AS3,OUTCOME_TRAFFIC,207.54,29441,547,27,1395.01
2026-05-22,ACME_NA_SOCIAL_PROMO_Q2,2384863573,ACME_NA_SOCIAL_PROMO_Q2__AS2,OUTCOME_SALES,1676.73,146980,3011,63,4015.75
2026-05-23,ACME_NA_SOCIAL_Q2,2384801433,ACME_NA_SOCIAL_Q2__AS2,OUTCOME_AWARENESS,1571.59,202086,1635,92,6451.09
2026-05-23,ACME_NA_SOCIAL_ALWAYSON,2384888254,ACME_NA_SOCIAL_ALWAYSON__AS1,OUTCOME_TRAFFIC,507.14,52716,318,6,228.80
2026-05-23,ACME_EMEA_SOCIAL_Q2,2384800758,ACME_EMEA_SOCIAL_Q2__AS2,OUTCOME_AWARENESS,691.23,79718,1045,46,3650.63
2026-05-23,Retargeting Q2 (new),2384892081,Retargeting Q2 (new)__AS2,OUTCOME_SALES,281.58,27189,357,18,1122.58
2026-05-23,ACME_APAC_SOCIAL_Q2,2384876907,ACME_APAC_SOCIAL_Q2__AS1,OUTCOME_TRAFFIC,203.63,18562,200,7,359.78
2026-05-23,ACME_NA_SOCIAL_PROMO_Q2,2384863573,ACME_NA_SOCIAL_PROMO_Q2__AS1,OUTCOME_SALES,1915.09,164242,1372,43,1773.68
2026-05-24,ACME_NA_SOCIAL_Q2,2384801433,ACME_NA_SOCIAL_Q2__AS3,OUTCOME_AWARENESS,954.90,88388,1401,73,4594.29
2026-05-24,ACME_NA_SOCIAL_ALWAYSON,2384888254,ACME_NA_SOCIAL_ALWAYSON__AS2,OUTCOME_TRAFFIC,482.69,59429,1195,37,2598.79
2026-05-24,ACME_EMEA_SOCIAL_Q2,2384800758,ACME_EMEA_SOCIAL_Q2__AS3,OUTCOME_AWARENESS,843.36,96662,1179,17,750.34
2026-05-24,Retargeting Q2 (new),2384892081,Retargeting Q2 (new)__AS1,OUTCOME_SALES,324.49,45590,520,22,1912.62
2026-05-24,ACME_APAC_SOCIAL_Q2,2384876907,ACME_APAC_SOCIAL_Q2__AS1,OUTCOME_TRAFFIC,188.33,19440,140,5,436.77
2026-05-24,ACME_NA_SOCIAL_PROMO_Q2,2384863573,ACME_NA_SOCIAL_PROMO_Q2__AS1,OUTCOME_SALES,1574.42,175627,2137,109,4554.31
2026-05-25,ACME_NA_SOCIAL_Q2,2384801433,ACME_NA_SOCIAL_Q2__AS1,OUTCOME_AWARENESS,2290.11,356949,5480,177,13145.89
2026-05-25,ACME_NA_SOCIAL_ALWAYSON,2384888254,ACME_NA_SOCIAL_ALWAYSON__AS2,OUTCOME_TRAFFIC,670.71,92513,967,17,730.59
2026-05-25,ACME_EMEA_SOCIAL_Q2,2384800758,ACME_EMEA_SOCIAL_Q2__AS2,OUTCOME_AWARENESS,1118.49,107067,2218,45,2132.05
2026-05-25,Retargeting Q2 (new),2384892081,Retargeting Q2 (new)__AS1,OUTCOME_SALES,320.48,28286,490,23,1793.06
2026-05-25,ACME_APAC_SOCIAL_Q2,2384876907,ACME_APAC_SOCIAL_Q2__AS2,OUTCOME_TRAFFIC,257.85,24562,162,8,540.39
2026-05-26,ACME_NA_SOCIAL_Q2,2384801433,ACME_NA_SOCIAL_Q2__AS2,OUTCOME_AWARENESS,1942.91,266786,3720,70,3100.68
2026-05-26,ACME_NA_SOCIAL_ALWAYSON,2384888254,ACME_NA_SOCIAL_ALWAYSON__AS1,OUTCOME_TRAFFIC,525.68,70807,763,20,1042.39
2026-05-26,ACME_EMEA_SOCIAL_Q2,2384800758,ACME_EMEA_SOCIAL_Q2__AS1,OUTCOME_AWARENESS,1803.85,247256,3898,130,6135.35
2026-05-26,Retargeting Q2 (new),2384892081,Retargeting Q2 (new)__AS1,OUTCOME_SALES,451.01,65764,861,33,1594.38
2026-05-26,ACME_APAC_SOCIAL_Q2,2384876907,ACME_APAC_SOCIAL_Q2__AS3,OUTCOME_TRAFFIC,329.54,34602,565,14,585.40
2026-05-27,ACME_NA_SOCIAL_Q2,2384801433,ACME_NA_SOCIAL_Q2__AS3,OUTCOME_AWARENESS,1331.67,115053,1807,69,2637.34
2026-05-27,ACME_NA_SOCIAL_ALWAYSON,2384888254,ACME_NA_SOCIAL_ALWAYSON__AS3,OUTCOME_TRAFFIC,697.31,82987,886,17,1091.52
2026-05-27,ACME_EMEA_SOCIAL_Q2,2384800758,ACME_EMEA_SOCIAL_Q2__AS1,OUTCOME_AWARENESS,1108.04,126613,2098,48,2193.40
2026-05-27,Retargeting Q2 (new),2384892081,Retargeting Q2 (new)__AS2,OUTCOME_SALES,500.71,49416,327,16,809.84
2026-05-27,ACME_APAC_SOCIAL_Q2,2384876907,ACME_APAC_SOCIAL_Q2__AS3,OUTCOME_TRAFFIC,314.47,47908,948,40,2265.70
2026-05-28,ACME_NA_SOCIAL_Q2,2384801433,ACME_NA_SOCIAL_Q2__AS2,OUTCOME_AWARENESS,1406.38,194322,2658,49,3396.91
2026-05-28,ACME_NA_SOCIAL_ALWAYSON,2384888254,ACME_NA_SOCIAL_ALWAYSON__AS3,OUTCOME_TRAFFIC,527.44,79951,1541,63,5708.70
2026-05-28,ACME_EMEA_SOCIAL_Q2,2384800758,ACME_EMEA_SOCIAL_Q2__AS3,OUTCOME_AWARENESS,1371.50,152987,1877,104,8653.34
2026-05-28,Retargeting Q2 (new),2384892081,Retargeting Q2 (new)__AS1,OUTCOME_SALES,306.40,49117,376,14,932.38
2026-05-28,ACME_APAC_SOCIAL_Q2,2384876907,ACME_APAC_SOCIAL_Q2__AS3,OUTCOME_TRAFFIC,191.82,24104,492,7,415.19
2026-05-29,ACME_NA_SOCIAL_Q2,2384801433,ACME_NA_SOCIAL_Q2__AS3,OUTCOME_AWARENESS,1456.85,124616,2179,64,2851.47
2026-05-29,ACME_NA_SOCIAL_ALWAYSON,2384888254,ACME_NA_SOCIAL_ALWAYSON__AS2,OUTCOME_TRAFFIC,480.88,43173,448,12,949.91
2026-05-29,ACME_EMEA_SOCIAL_Q2,2384800758,ACME_EMEA_SOCIAL_Q2__AS3,OUTCOME_AWARENESS,1547.00,202431,1431,28,2445.31
2026-05-29,Retargeting Q2 (new),2384892081,Retargeting Q2 (new)__AS1,OUTCOME_SALES,323.66,42107,643,11,927.70
2026-05-29,ACME_APAC_SOCIAL_Q2,2384876907,ACME_APAC_SOCIAL_Q2__AS1,OUTCOME_TRAFFIC,261.48,38447,804,16,1279.84
2026-05-30,ACME_NA_SOCIAL_Q2,2384801433,ACME_NA_SOCIAL_Q2__AS3,OUTCOME_AWARENESS,1091.42,120878,1122,37,2053.40
2026-05-30,ACME_NA_SOCIAL_ALWAYSON,2384888254,ACME_NA_SOCIAL_ALWAYSON__AS1,OUTCOME_TRAFFIC,435.82,47741,742,22,1169.07
2026-05-30,ACME_EMEA_SOCIAL_Q2,2384800758,ACME_EMEA_SOCIAL_Q2__AS1,OUTCOME_AWARENESS,791.84,69773,1059,24,1962.19
2026-05-30,Retargeting Q2 (new),2384892081,Retargeting Q2 (new)__AS1,OUTCOME_SALES,299.57,31946,396,21,1559.15
2026-05-30,ACME_APAC_SOCIAL_Q2,2384876907,ACME_APAC_SOCIAL_Q2__AS2,OUTCOME_TRAFFIC,201.23,22227,348,10,380.12
2026-05-31,ACME_NA_SOCIAL_Q2,2384801433,ACME_NA_SOCIAL_Q2__AS1,OUTCOME_AWARENESS,1210.55,156571,2624,115,5099.56
2026-05-31,ACME_NA_SOCIAL_ALWAYSON,2384888254,ACME_NA_SOCIAL_ALWAYSON__AS3,OUTCOME_TRAFFIC,472.61,70671,1291,50,2615.45
2026-05-31,ACME_EMEA_SOCIAL_Q2,2384800758,ACME_EMEA_SOCIAL_Q2__AS1,OUTCOME_AWARENESS,1016.81,155466,2690,128,8994.49
2026-05-31,Retargeting Q2 (new),2384892081,Retargeting Q2 (new)__AS1,OUTCOME_SALES,311.32,29312,351,14,884.31
2026-05-31,ACME_APAC_SOCIAL_Q2,2384876907,ACME_APAC_SOCIAL_Q2__AS1,OUTCOME_TRAFFIC,143.25,17811,167,9,557.54
2026-06-01,ACME_NA_SOCIAL_Q2,2384801433,ACME_NA_SOCIAL_Q2__AS3,OUTCOME_AWARENESS,1751.68,150978,1490,33,2026.20
2026-06-01,ACME_NA_SOCIAL_ALWAYSON,2384888254,ACME_NA_SOCIAL_ALWAYSON__AS2,OUTCOME_TRAFFIC,647.55,62927,638,22,1180.34
2026-06-01,ACME_EMEA_SOCIAL_Q2,2384800758,ACME_EMEA_SOCIAL_Q2__AS3,OUTCOME_AWARENESS,1530.83,202731,3044,46,4126.38
2026-06-01,Retargeting Q2 (new),2384892081,Retargeting Q2 (new)__AS1,OUTCOME_SALES,410.01,44156,307,16,938.82
2026-06-01,ACME_APAC_SOCIAL_Q2,2384876907,ACME_APAC_SOCIAL_Q2__AS3,OUTCOME_TRAFFIC,323.26,31075,412,19,1028.18
2026-06-02,ACME_NA_SOCIAL_Q2,2384801433,ACME_NA_SOCIAL_Q2__AS2,OUTCOME_AWARENESS,2241.28,260841,2475,43,1843.53
2026-06-02,ACME_NA_SOCIAL_ALWAYSON,2384888254,ACME_NA_SOCIAL_ALWAYSON__AS1,OUTCOME_TRAFFIC,600.62,76720,506,15,999.87
2026-06-02,ACME_EMEA_SOCIAL_Q2,2384800758,ACME_EMEA_SOCIAL_Q2__AS3,OUTCOME_AWARENESS,1009.19,93524,663,12,915.42
2026-06-02,Retargeting Q2 (new),2384892081,Retargeting Q2 (new)__AS2,OUTCOME_SALES,358.87,53884,1050,18,878.34
2026-06-02,ACME_APAC_SOCIAL_Q2,2384876907,ACME_APAC_SOCIAL_Q2__AS2,OUTCOME_TRAFFIC,247.43,26650,360,17,659.88
2026-06-03,ACME_NA_SOCIAL_Q2,2384801433,ACME_NA_SOCIAL_Q2__AS3,OUTCOME_AWARENESS,1398.34,175157,2316,122,8072.13
2026-06-03,ACME_NA_SOCIAL_ALWAYSON,2384888254,ACME_NA_SOCIAL_ALWAYSON__AS1,OUTCOME_TRAFFIC,829.42,70834,998,53,4114.01
2026-06-03,ACME_EMEA_SOCIAL_Q2,2384800758,ACME_EMEA_SOCIAL_Q2__AS1,OUTCOME_AWARENESS,1563.29,187543,2884,61,3537.32
2026-06-03,Retargeting Q2 (new),2384892081,Retargeting Q2 (new)__AS3,OUTCOME_SALES,360.69,52829,1004,34,3116.54
2026-06-03,ACME_APAC_SOCIAL_Q2,2384876907,ACME_APAC_SOCIAL_Q2__AS2,OUTCOME_TRAFFIC,245.82,25938,270,13,678.68
2026-06-04,ACME_NA_SOCIAL_Q2,2384801433,ACME_NA_SOCIAL_Q2__AS3,OUTCOME_AWARENESS,2078.60,277891,3619,97,9095.74
2026-06-04,ACME_NA_SOCIAL_ALWAYSON,2384888254,ACME_NA_SOCIAL_ALWAYSON__AS3,OUTCOME_TRAFFIC,637.28,73873,1021,44,2212.42
2026-06-04,ACME_EMEA_SOCIAL_Q2,2384800758,ACME_EMEA_SOCIAL_Q2__AS1,OUTCOME_AWARENESS,1363.99,186098,1432,75,4872.42
2026-06-04,Retargeting Q2 (new),2384892081,Retargeting Q2 (new)__AS3,OUTCOME_SALES,549.20,56035,1078,43,2899.99
2026-06-04,ACME_APAC_SOCIAL_Q2,2384876907,ACME_APAC_SOCIAL_Q2__AS2,OUTCOME_TRAFFIC,293.65,28285,493,19,952.43
2026-06-05,ACME_NA_SOCIAL_Q2,2384801433,ACME_NA_SOCIAL_Q2__AS3,OUTCOME_AWARENESS,1941.06,305813,3605,113,7842.17
2026-06-05,ACME_NA_SOCIAL_ALWAYSON,2384888254,ACME_NA_SOCIAL_ALWAYSON__AS2,OUTCOME_TRAFFIC,592.50,57423,1159,64,5728.94
2026-06-05,ACME_EMEA_SOCIAL_Q2,2384800758,ACME_EMEA_SOCIAL_Q2__AS2,OUTCOME_AWARENESS,1803.33,287798,3164,117,9428.40
2026-06-05,Retargeting Q2 (new),2384892081,Retargeting Q2 (new)__AS2,OUTCOME_SALES,538.09,64645,1161,48,4182.77
2026-06-05,ACME_APAC_SOCIAL_Q2,2384876907,ACME_APAC_SOCIAL_Q2__AS2,OUTCOME_TRAFFIC,292.04,38793,679,32,2119.53
2026-06-06,ACME_NA_SOCIAL_Q2,2384801433,ACME_NA_SOCIAL_Q2__AS3,OUTCOME_AWARENESS,1355.28,199078,1965,111,6613.17
2026-06-06,ACME_NA_SOCIAL_ALWAYSON,2384888254,ACME_NA_SOCIAL_ALWAYSON__AS3,OUTCOME_TRAFFIC,569.55,73900,651,12,567.96
2026-06-06,ACME_EMEA_SOCIAL_Q2,2384800758,ACME_EMEA_SOCIAL_Q2__AS3,OUTCOME_AWARENESS,1057.72,124288,2136,64,3709.01
2026-06-06,Retargeting Q2 (new),2384892081,Retargeting Q2 (new)__AS1,OUTCOME_SALES,349.61,30663,541,23,1634.18
2026-06-06,ACME_APAC_SOCIAL_Q2,2384876907,ACME_APAC_SOCIAL_Q2__AS2,OUTCOME_TRAFFIC,195.83,29325,329,12,788.08
2026-06-07,ACME_NA_SOCIAL_Q2,2384801433,ACME_NA_SOCIAL_Q2__AS2,OUTCOME_AWARENESS,1344.55,128720,1701,31,2802.45
2026-06-07,ACME_NA_SOCIAL_ALWAYSON,2384888254,ACME_NA_SOCIAL_ALWAYSON__AS1,OUTCOME_TRAFFIC,344.76,36678,352,6,477.30
2026-06-07,ACME_EMEA_SOCIAL_Q2,2384800758,ACME_EMEA_SOCIAL_Q2__AS2,OUTCOME_AWARENESS,858.53,132646,1449,25,1991.33
2026-06-07,Retargeting Q2 (new),2384892081,Retargeting Q2 (new)__AS2,OUTCOME_SALES,353.84,50060,786,24,1364.79
2026-06-07,ACME_APAC_SOCIAL_Q2,2384876907,ACME_APAC_SOCIAL_Q2__AS1,OUTCOME_TRAFFIC,137.12,12320,200,6,439.92
2026-06-08,ACME_NA_SOCIAL_Q2,2384801433,ACME_NA_SOCIAL_Q2__AS3,OUTCOME_AWARENESS,2264.02,211500,2250,77,3895.28
2026-06-08,ACME_NA_SOCIAL_ALWAYSON,2384888254,ACME_NA_SOCIAL_ALWAYSON__AS3,OUTCOME_TRAFFIC,796.71,85611,1302,64,4443.07
2026-06-08,ACME_EMEA_SOCIAL_Q2,2384800758,ACME_EMEA_SOCIAL_Q2__AS1,OUTCOME_AWARENESS,1512.23,155284,2459,67,3631.50
2026-06-08,Retargeting Q2 (new),2384892081,Retargeting Q2 (new)__AS3,OUTCOME_SALES,510.96,52066,961,39,3367.01
2026-06-08,ACME_APAC_SOCIAL_Q2,2384876907,ACME_APAC_SOCIAL_Q2__AS2,OUTCOME_TRAFFIC,232.82,20346,380,11,858.24
2026-06-09,ACME_NA_SOCIAL_Q2,2384801433,ACME_NA_SOCIAL_Q2__AS1,OUTCOME_AWARENESS,1820.14,214334,1746,32,1690.39
2026-06-09,ACME_NA_SOCIAL_ALWAYSON,2384888254,ACME_NA_SOCIAL_ALWAYSON__AS2,OUTCOME_TRAFFIC,562.79,61939,658,29,1403.48
2026-06-09,ACME_EMEA_SOCIAL_Q2,2384800758,ACME_EMEA_SOCIAL_Q2__AS3,OUTCOME_AWARENESS,1540.01,144903,887,32,1548.90
2026-06-09,Retargeting Q2 (new),2384892081,Retargeting Q2 (new)__AS2,OUTCOME_SALES,394.18,42000,657,10,929.40
2026-06-09,ACME_APAC_SOCIAL_Q2,2384876907,ACME_APAC_SOCIAL_Q2__AS3,OUTCOME_TRAFFIC,282.51,27707,505,22,2110.49
2026-06-10,ACME_NA_SOCIAL_Q2,2384801433,ACME_NA_SOCIAL_Q2__AS1,OUTCOME_AWARENESS,1525.21,176019,2186,124,6163.19
2026-06-10,ACME_NA_SOCIAL_ALWAYSON,2384888254,ACME_NA_SOCIAL_ALWAYSON__AS1,OUTCOME_TRAFFIC,655.40,73671,1291,34,2218.84
2026-06-10,ACME_EMEA_SOCIAL_Q2,2384800758,ACME_EMEA_SOCIAL_Q2__AS1,OUTCOME_AWARENESS,1786.61,251585,1973,73,6569.02
2026-06-10,Retargeting Q2 (new),2384892081,Retargeting Q2 (new)__AS2,OUTCOME_SALES,343.33,40288,256,6,315.82
2026-06-10,ACME_APAC_SOCIAL_Q2,2384876907,ACME_APAC_SOCIAL_Q2__AS1,OUTCOME_TRAFFIC,252.64,27825,235,5,250.97
2026-06-11,ACME_NA_SOCIAL_Q2,2384801433,ACME_NA_SOCIAL_Q2__AS1,OUTCOME_AWARENESS,1326.85,138992,1850,98,4986.35
2026-06-11,ACME_NA_SOCIAL_ALWAYSON,2384888254,ACME_NA_SOCIAL_ALWAYSON__AS1,OUTCOME_TRAFFIC,524.58,75306,1028,30,2063.72
2026-06-11,ACME_EMEA_SOCIAL_Q2,2384800758,ACME_EMEA_SOCIAL_Q2__AS3,OUTCOME_AWARENESS,1086.63,153580,1400,49,3117.12
2026-06-11,Retargeting Q2 (new),2384892081,Retargeting Q2 (new)__AS2,OUTCOME_SALES,463.65,50287,1044,47,3128.45
2026-06-11,ACME_APAC_SOCIAL_Q2,2384876907,ACME_APAC_SOCIAL_Q2__AS1,OUTCOME_TRAFFIC,199.39,19162,251,5,387.96
2026-06-12,ACME_NA_SOCIAL_Q2,2384801433,ACME_NA_SOCIAL_Q2__AS2,OUTCOME_AWARENESS,1922.40,228216,3816,114,10598.95
2026-06-12,ACME_NA_SOCIAL_ALWAYSON,2384888254,ACME_NA_SOCIAL_ALWAYSON__AS3,OUTCOME_TRAFFIC,749.56,111234,832,31,2142.57
2026-06-12,ACME_EMEA_SOCIAL_Q2,2384800758,ACME_EMEA_SOCIAL_Q2__AS2,OUTCOME_AWARENESS,1218.28,177192,2522,53,4372.47
2026-06-12,Retargeting Q2 (new),2384892081,Retargeting Q2 (new)__AS2,OUTCOME_SALES,493.74,49056,761,43,3556.52
2026-06-12,ACME_APAC_SOCIAL_Q2,2384876907,ACME_APAC_SOCIAL_Q2__AS3,OUTCOME_TRAFFIC,309.51,43438,840,23,1080.25
2026-06-13,ACME_NA_SOCIAL_Q2,2384801433,ACME_NA_SOCIAL_Q2__AS2,OUTCOME_AWARENESS,1435.59,134212,1157,28,2583.12
2026-06-13,ACME_NA_SOCIAL_ALWAYSON,2384888254,ACME_NA_SOCIAL_ALWAYSON__AS2,OUTCOME_TRAFFIC,555.11,57285,523,29,1899.47
2026-06-13,ACME_EMEA_SOCIAL_Q2,2384800758,ACME_EMEA_SOCIAL_Q2__AS1,OUTCOME_AWARENESS,977.68,93080,1192,66,3999.45
2026-06-13,Retargeting Q2 (new),2384892081,Retargeting Q2 (new)__AS3,OUTCOME_SALES,243.08,24712,335,18,1530.27
2026-06-13,ACME_APAC_SOCIAL_Q2,2384876907,ACME_APAC_SOCIAL_Q2__AS3,OUTCOME_TRAFFIC,207.91,19211,270,8,650.23
2026-06-14,ACME_NA_SOCIAL_Q2,2384801433,ACME_NA_SOCIAL_Q2__AS1,OUTCOME_AWARENESS,1117.12,113068,1867,57,3755.15
2026-06-14,ACME_NA_SOCIAL_ALWAYSON,2384888254,ACME_NA_SOCIAL_ALWAYSON__AS3,OUTCOME_TRAFFIC,384.24,42180,727,26,1432.76
2026-06-14,ACME_EMEA_SOCIAL_Q2,2384800758,ACME_EMEA_SOCIAL_Q2__AS1,OUTCOME_AWARENESS,1217.98,126156,1038,45,3353.15
2026-06-14,Retargeting Q2 (new),2384892081,Retargeting Q2 (new)__AS3,OUTCOME_SALES,292.05,25810,513,8,414.64
2026-06-14,ACME_APAC_SOCIAL_Q2,2384876907,ACME_APAC_SOCIAL_Q2__AS3,OUTCOME_TRAFFIC,195.17,27950,484,26,1634.70
2026-06-15,ACME_NA_SOCIAL_Q2,2384801433,ACME_NA_SOCIAL_Q2__AS1,OUTCOME_AWARENESS,1744.78,165583,3242,77,5673.66
2026-06-15,ACME_NA_SOCIAL_ALWAYSON,2384888254,ACME_NA_SOCIAL_ALWAYSON__AS2,OUTCOME_TRAFFIC,520.19,74630,454,19,1706.39
2026-06-15,ACME_EMEA_SOCIAL_Q2,2384800758,ACME_EMEA_SOCIAL_Q2__AS1,OUTCOME_AWARENESS,1107.84,135826,1894,45,4188.09
2026-06-15,Retargeting Q2 (new),2384892081,Retargeting Q2 (new)__AS1,OUTCOME_SALES,326.82,37690,688,16,1290.75
2026-06-15,ACME_APAC_SOCIAL_Q2,2384876907,ACME_APAC_SOCIAL_Q2__AS3,OUTCOME_TRAFFIC,232.43,23139,449,9,434.57
2026-06-16,ACME_NA_SOCIAL_Q2,2384801433,ACME_NA_SOCIAL_Q2__AS2,OUTCOME_AWARENESS,1863.26,160412,1436,49,4406.16
2026-06-16,ACME_NA_SOCIAL_ALWAYSON,2384888254,ACME_NA_SOCIAL_ALWAYSON__AS1,OUTCOME_TRAFFIC,802.71,68298,1237,37,2373.75
2026-06-16,ACME_EMEA_SOCIAL_Q2,2384800758,ACME_EMEA_SOCIAL_Q2__AS3,OUTCOME_AWARENESS,1503.62,141854,2194,117,8240.21
2026-06-16,Retargeting Q2 (new),2384892081,Retargeting Q2 (new)__AS2,OUTCOME_SALES,436.89,40271,678,23,2109.97
2026-06-16,ACME_APAC_SOCIAL_Q2,2384876907,ACME_APAC_SOCIAL_Q2__AS2,OUTCOME_TRAFFIC,222.96,19738,313,7,448.85
2026-06-17,ACME_NA_SOCIAL_Q2,2384801433,ACME_NA_SOCIAL_Q2__AS1,OUTCOME_AWARENESS,1389.47,169234,3139,61,5137.88
2026-06-17,ACME_NA_SOCIAL_ALWAYSON,2384888254,ACME_NA_SOCIAL_ALWAYSON__AS2,OUTCOME_TRAFFIC,562.32,86983,1245,19,1744.11
2026-06-17,ACME_EMEA_SOCIAL_Q2,2384800758,ACME_EMEA_SOCIAL_Q2__AS2,OUTCOME_AWARENESS,1368.14,129961,2389,137,8134.08
2026-06-17,Retargeting Q2 (new),2384892081,Retargeting Q2 (new)__AS1,OUTCOME_SALES,403.85,61543,679,20,989.24
2026-06-17,ACME_APAC_SOCIAL_Q2,2384876907,ACME_APAC_SOCIAL_Q2__AS1,OUTCOME_TRAFFIC,327.36,34754,440,7,520.66
2026-06-18,ACME_NA_SOCIAL_Q2,2384801433,ACME_NA_SOCIAL_Q2__AS2,OUTCOME_AWARENESS,2331.72,318723,5501,318,16694.46
2026-06-18,ACME_NA_SOCIAL_ALWAYSON,2384888254,ACME_NA_SOCIAL_ALWAYSON__AS3,OUTCOME_TRAFFIC,635.33,98563,1905,55,2543.35
2026-06-18,ACME_EMEA_SOCIAL_Q2,2384800758,ACME_EMEA_SOCIAL_Q2__AS2,OUTCOME_AWARENESS,1370.17,117808,1854,51,4105.59
2026-06-18,Retargeting Q2 (new),2384892081,Retargeting Q2 (new)__AS3,OUTCOME_SALES,327.46,51270,628,36,2581.47
2026-06-18,ACME_APAC_SOCIAL_Q2,2384876907,ACME_APAC_SOCIAL_Q2__AS2,OUTCOME_TRAFFIC,197.77,21897,351,10,384.20
2026-06-19,ACME_NA_SOCIAL_Q2,2384801433,ACME_NA_SOCIAL_Q2__AS3,OUTCOME_AWARENESS,2099.80,190743,3466,94,8909.34
2026-06-19,ACME_NA_SOCIAL_ALWAYSON,2384888254,ACME_NA_SOCIAL_ALWAYSON__AS1,OUTCOME_TRAFFIC,613.46,59546,1235,41,1937.57
2026-06-19,ACME_EMEA_SOCIAL_Q2,2384800758,ACME_EMEA_SOCIAL_Q2__AS2,OUTCOME_AWARENESS,1063.34,128237,1437,30,1327.04
2026-06-19,Retargeting Q2 (new),2384892081,Retargeting Q2 (new)__AS1,OUTCOME_SALES,400.71,36533,563,10,447.39
2026-06-19,ACME_APAC_SOCIAL_Q2,2384876907,ACME_APAC_SOCIAL_Q2__AS2,OUTCOME_TRAFFIC,316.87,39078,679,36,1622.43
2026-06-20,ACME_NA_SOCIAL_Q2,2384801433,ACME_NA_SOCIAL_Q2__AS2,OUTCOME_AWARENESS,1044.34,92894,1704,36,1963.08
2026-06-20,ACME_NA_SOCIAL_ALWAYSON,2384888254,ACME_NA_SOCIAL_ALWAYSON__AS1,OUTCOME_TRAFFIC,397.74,47020,703,35,3285.00
2026-06-20,ACME_EMEA_SOCIAL_Q2,2384800758,ACME_EMEA_SOCIAL_Q2__AS1,OUTCOME_AWARENESS,798.72,78012,1402,63,5712.26
2026-06-20,Retargeting Q2 (new),2384892081,Retargeting Q2 (new)__AS1,OUTCOME_SALES,284.81,36474,725,31,2687.02
2026-06-20,ACME_APAC_SOCIAL_Q2,2384876907,ACME_APAC_SOCIAL_Q2__AS2,OUTCOME_TRAFFIC,227.44,26070,183,8,550.31
2026-06-21,ACME_NA_SOCIAL_Q2,2384801433,ACME_NA_SOCIAL_Q2__AS1,OUTCOME_AWARENESS,1493.37,214505,4462,220,10560.60
2026-06-21,ACME_NA_SOCIAL_ALWAYSON,2384888254,ACME_NA_SOCIAL_ALWAYSON__AS2,OUTCOME_TRAFFIC,341.89,39463,724,22,1819.93
2026-06-21,ACME_EMEA_SOCIAL_Q2,2384800758,ACME_EMEA_SOCIAL_Q2__AS3,OUTCOME_AWARENESS,1083.41,104430,2106,76,7114.38
2026-06-21,Retargeting Q2 (new),2384892081,Retargeting Q2 (new)__AS3,OUTCOME_SALES,223.52,21994,423,15,634.74
2026-06-21,ACME_APAC_SOCIAL_Q2,2384876907,ACME_APAC_SOCIAL_Q2__AS2,OUTCOME_TRAFFIC,177.91,19602,351,6,549.71
2026-06-22,ACME_NA_SOCIAL_Q2,2384801433,ACME_NA_SOCIAL_Q2__AS2,OUTCOME_AWARENESS,2127.70,190349,1289,45,2699.69
2026-06-22,ACME_NA_SOCIAL_ALWAYSON,2384888254,ACME_NA_SOCIAL_ALWAYSON__AS2,OUTCOME_TRAFFIC,744.39,103090,685,15,811.40
2026-06-22,ACME_EMEA_SOCIAL_Q2,2384800758,ACME_EMEA_SOCIAL_Q2__AS2,OUTCOME_AWARENESS,1066.14,162577,1944,58,3097.19
2026-06-22,Retargeting Q2 (new),2384892081,Retargeting Q2 (new)__AS3,OUTCOME_SALES,341.21,38209,767,12,1144.04
2026-06-22,ACME_APAC_SOCIAL_Q2,2384876907,ACME_APAC_SOCIAL_Q2__AS3,OUTCOME_TRAFFIC,199.30,19184,202,8,739.02
2026-06-23,ACME_NA_SOCIAL_Q2,2384801433,ACME_NA_SOCIAL_Q2__AS1,OUTCOME_AWARENESS,2119.24,265722,3734,145,7162.54
2026-06-23,ACME_NA_SOCIAL_ALWAYSON,2384888254,ACME_NA_SOCIAL_ALWAYSON__AS1,OUTCOME_TRAFFIC,728.31,65004,434,8,730.88
2026-06-23,ACME_EMEA_SOCIAL_Q2,2384800758,ACME_EMEA_SOCIAL_Q2__AS3,OUTCOME_AWARENESS,1313.06,189214,2496,88,8232.74
2026-06-23,Retargeting Q2 (new),2384892081,Retargeting Q2 (new)__AS1,OUTCOME_SALES,416.90,61656,1166,52,4557.37
2026-06-23,ACME_APAC_SOCIAL_Q2,2384876907,ACME_APAC_SOCIAL_Q2__AS1,OUTCOME_TRAFFIC,213.55,20562,358,15,879.10
2026-06-24,ACME_NA_SOCIAL_Q2,2384801433,ACME_NA_SOCIAL_Q2__AS2,OUTCOME_AWARENESS,2241.19,274715,5635,264,15489.70
2026-06-24,ACME_NA_SOCIAL_ALWAYSON,2384888254,ACME_NA_SOCIAL_ALWAYSON__AS1,OUTCOME_TRAFFIC,762.42,117782,2436,125,7865.48
2026-06-24,ACME_EMEA_SOCIAL_Q2,2384800758,ACME_EMEA_SOCIAL_Q2__AS3,OUTCOME_AWARENESS,1621.39,208508,1825,49,2402.28
2026-06-24,Retargeting Q2 (new),2384892081,Retargeting Q2 (new)__AS2,OUTCOME_SALES,528.98,47564,628,32,2664.41
2026-06-24,ACME_APAC_SOCIAL_Q2,2384876907,ACME_APAC_SOCIAL_Q2__AS3,OUTCOME_TRAFFIC,217.20,19120,191,6,326.70
2026-06-25,ACME_NA_SOCIAL_Q2,2384801433,ACME_NA_SOCIAL_Q2__AS3,OUTCOME_AWARENESS,2330.43,201471,3688,140,8499.30
2026-06-25,ACME_NA_SOCIAL_ALWAYSON,2384888254,ACME_NA_SOCIAL_ALWAYSON__AS2,OUTCOME_TRAFFIC,480.62,45750,726,17,658.81
2026-06-25,ACME_EMEA_SOCIAL_Q2,2384800758,ACME_EMEA_SOCIAL_Q2__AS1,OUTCOME_AWARENESS,1482.89,130315,897,35,1528.48
2026-06-25,Retargeting Q2 (new),2384892081,Retargeting Q2 (new)__AS2,OUTCOME_SALES,334.94,32075,368,15,785.55
2026-06-25,ACME_APAC_SOCIAL_Q2,2384876907,ACME_APAC_SOCIAL_Q2__AS3,OUTCOME_TRAFFIC,247.07,33119,238,8,621.18
2026-06-26,ACME_NA_SOCIAL_Q2,2384801433,ACME_NA_SOCIAL_Q2__AS1,OUTCOME_AWARENESS,1508.24,145141,1472,75,4749.44
2026-06-26,ACME_NA_SOCIAL_ALWAYSON,2384888254,ACME_NA_SOCIAL_ALWAYSON__AS1,OUTCOME_TRAFFIC,771.31,106901,1366,71,5040.05
2026-06-26,ACME_EMEA_SOCIAL_Q2,2384800758,ACME_EMEA_SOCIAL_Q2__AS2,OUTCOME_AWARENESS,1311.88,136115,1888,69,4437.60
2026-06-26,Retargeting Q2 (new),2384892081,Retargeting Q2 (new)__AS1,OUTCOME_SALES,464.19,40646,304,13,790.45
2026-06-26,ACME_APAC_SOCIAL_Q2,2384876907,ACME_APAC_SOCIAL_Q2__AS1,OUTCOME_TRAFFIC,212.67,25319,512,8,469.16
2026-06-27,ACME_NA_SOCIAL_Q2,2384801433,ACME_NA_SOCIAL_Q2__AS2,OUTCOME_AWARENESS,1568.02,247620,5021,230,19133.11
2026-06-27,ACME_NA_SOCIAL_ALWAYSON,2384888254,ACME_NA_SOCIAL_ALWAYSON__AS1,OUTCOME_TRAFFIC,388.07,37463,612,9,527.76
2026-06-27,ACME_EMEA_SOCIAL_Q2,2384800758,ACME_EMEA_SOCIAL_Q2__AS2,OUTCOME_AWARENESS,1089.64,94796,1633,39,2093.52
2026-06-27,Retargeting Q2 (new),2384892081,Retargeting Q2 (new)__AS2,OUTCOME_SALES,213.81,18713,181,4,316.86
2026-06-27,ACME_APAC_SOCIAL_Q2,2384876907,ACME_APAC_SOCIAL_Q2__AS2,OUTCOME_TRAFFIC,188.72,20564,359,19,1021.14
2026-06-28,ACME_NA_SOCIAL_Q2,2384801433,ACME_NA_SOCIAL_Q2__AS2,OUTCOME_AWARENESS,1531.80,134282,856,44,2095.74
2026-06-28,ACME_NA_SOCIAL_ALWAYSON,2384888254,ACME_NA_SOCIAL_ALWAYSON__AS1,OUTCOME_TRAFFIC,511.66,76938,656,23,2187.53
2026-06-28,ACME_EMEA_SOCIAL_Q2,2384800758,ACME_EMEA_SOCIAL_Q2__AS2,OUTCOME_AWARENESS,1226.37,113876,1097,62,5564.98
2026-06-28,Retargeting Q2 (new),2384892081,Retargeting Q2 (new)__AS3,OUTCOME_SALES,253.01,27912,319,17,1299.54
2026-06-28,ACME_APAC_SOCIAL_Q2,2384876907,ACME_APAC_SOCIAL_Q2__AS3,OUTCOME_TRAFFIC,216.77,22190,212,4,339.04
2026-06-29,ACME_NA_SOCIAL_Q2,2384801433,ACME_NA_SOCIAL_Q2__AS3,OUTCOME_AWARENESS,1861.63,222131,2880,130,6957.45
2026-06-29,ACME_NA_SOCIAL_ALWAYSON,2384888254,ACME_NA_SOCIAL_ALWAYSON__AS2,OUTCOME_TRAFFIC,742.80,69553,487,14,1146.46
2026-06-29,ACME_EMEA_SOCIAL_Q2,2384800758,ACME_EMEA_SOCIAL_Q2__AS1,OUTCOME_AWARENESS,1442.32,186483,1646,69,6394.44
2026-06-29,Retargeting Q2 (new),2384892081,Retargeting Q2 (new)__AS2,OUTCOME_SALES,362.76,45337,543,11,910.70
2026-06-29,ACME_APAC_SOCIAL_Q2,2384876907,ACME_APAC_SOCIAL_Q2__AS2,OUTCOME_TRAFFIC,210.68,20678,156,6,355.54
2026-06-30,ACME_NA_SOCIAL_Q2,2384801433,ACME_NA_SOCIAL_Q2__AS2,OUTCOME_AWARENESS,1682.69,174314,2749,111,6024.07
2026-06-30,ACME_NA_SOCIAL_ALWAYSON,2384888254,ACME_NA_SOCIAL_ALWAYSON__AS2,OUTCOME_TRAFFIC,534.93,76196,1517,37,3132.41
2026-06-30,ACME_EMEA_SOCIAL_Q2,2384800758,ACME_EMEA_SOCIAL_Q2__AS3,OUTCOME_AWARENESS,1543.00,188561,1513,83,4995.62
2026-06-30,Retargeting Q2 (new),2384892081,Retargeting Q2 (new)__AS3,OUTCOME_SALES,385.48,33998,228,5,325.21
2026-06-30,ACME_APAC_SOCIAL_Q2,2384876907,ACME_APAC_SOCIAL_Q2__AS1,OUTCOME_TRAFFIC,306.26,29787,238,5,477.57
2026-07-01,ACME_NA_SOCIAL_Q2,2384801433,ACME_NA_SOCIAL_Q2__AS1,OUTCOME_AWARENESS,1915.81,230293,2208,35,1700.80
2026-07-01,ACME_NA_SOCIAL_ALWAYSON,2384888254,ACME_NA_SOCIAL_ALWAYSON__AS1,OUTCOME_TRAFFIC,712.27,87696,1810,33,2941.08
2026-07-01,ACME_EMEA_SOCIAL_Q2,2384800758,ACME_EMEA_SOCIAL_Q2__AS2,OUTCOME_AWARENESS,1510.88,190019,2473,71,5699.14
2026-07-01,Retargeting Q2 (new),2384892081,Retargeting Q2 (new)__AS2,OUTCOME_SALES,452.65,38683,566,22,905.15
2026-07-01,ACME_APAC_SOCIAL_Q2,2384876907,ACME_APAC_SOCIAL_Q2__AS2,OUTCOME_TRAFFIC,317.85,36209,448,9,701.18
2026-07-02,ACME_NA_SOCIAL_Q2,2384801433,ACME_NA_SOCIAL_Q2__AS1,OUTCOME_AWARENESS,1992.94,232556,3201,155,13493.25
2026-07-02,ACME_NA_SOCIAL_ALWAYSON,2384888254,ACME_NA_SOCIAL_ALWAYSON__AS2,OUTCOME_TRAFFIC,654.36,81338,1200,51,4283.56
2026-07-02,ACME_EMEA_SOCIAL_Q2,2384800758,ACME_EMEA_SOCIAL_Q2__AS2,OUTCOME_AWARENESS,1661.37,186713,1829,71,6236.34
2026-07-02,Retargeting Q2 (new),2384892081,Retargeting Q2 (new)__AS1,OUTCOME_SALES,466.11,73276,1378,72,4501.25
2026-07-02,ACME_APAC_SOCIAL_Q2,2384876907,ACME_APAC_SOCIAL_Q2__AS2,OUTCOME_TRAFFIC,285.40,40323,546,26,1211.32
2026-07-03,ACME_NA_SOCIAL_Q2,2384801433,ACME_NA_SOCIAL_Q2__AS1,OUTCOME_AWARENESS,2188.71,249552,2616,89,7191.00
2026-07-03,ACME_NA_SOCIAL_ALWAYSON,2384888254,ACME_NA_SOCIAL_ALWAYSON__AS1,OUTCOME_TRAFFIC,620.79,85827,1125,23,1097.53
2026-07-03,ACME_EMEA_SOCIAL_Q2,2384800758,ACME_EMEA_SOCIAL_Q2__AS1,OUTCOME_AWARENESS,1715.23,199840,2651,41,3385.27
2026-07-03,Retargeting Q2 (new),2384892081,Retargeting Q2 (new)__AS1,OUTCOME_SALES,376.93,38647,783,29,1155.15
2026-07-03,ACME_APAC_SOCIAL_Q2,2384876907,ACME_APAC_SOCIAL_Q2__AS1,OUTCOME_TRAFFIC,232.17,23112,268,9,601.59
2026-07-04,ACME_NA_SOCIAL_Q2,2384801433,ACME_NA_SOCIAL_Q2__AS2,OUTCOME_AWARENESS,1598.69,235589,3691,201,15949.86
2026-07-04,ACME_NA_SOCIAL_ALWAYSON,2384888254,ACME_NA_SOCIAL_ALWAYSON__AS2,OUTCOME_TRAFFIC,345.71,29624,565,12,817.84
2026-07-04,ACME_EMEA_SOCIAL_Q2,2384800758,ACME_EMEA_SOCIAL_Q2__AS1,OUTCOME_AWARENESS,1208.57,152245,1450,68,3002.50
2026-07-04,Retargeting Q2 (new),2384892081,Retargeting Q2 (new)__AS3,OUTCOME_SALES,345.57,39795,513,8,580.58
2026-07-04,ACME_APAC_SOCIAL_Q2,2384876907,ACME_APAC_SOCIAL_Q2__AS1,OUTCOME_TRAFFIC,151.59,14058,259,12,954.00
2026-07-05,ACME_NA_SOCIAL_Q2,2384801433,ACME_NA_SOCIAL_Q2__AS1,OUTCOME_AWARENESS,1198.90,136094,2567,124,4998.96
2026-07-05,ACME_NA_SOCIAL_ALWAYSON,2384888254,ACME_NA_SOCIAL_ALWAYSON__AS1,OUTCOME_TRAFFIC,366.56,33890,513,23,885.99
2026-07-05,ACME_EMEA_SOCIAL_Q2,2384800758,ACME_EMEA_SOCIAL_Q2__AS2,OUTCOME_AWARENESS,780.20,89258,1289,27,2547.68
2026-07-05,Retargeting Q2 (new),2384892081,Retargeting Q2 (new)__AS2,OUTCOME_SALES,269.08,40887,555,18,1623.80
2026-07-05,ACME_APAC_SOCIAL_Q2,2384876907,ACME_APAC_SOCIAL_Q2__AS2,OUTCOME_TRAFFIC,191.84,26229,440,15,725.28
